[
  {
    "model": "seatime.vessel",
    "pk": 1,
    "fields": {
      "name": "APL China",
      "official_number": "9074389"
    }
  },
  {
    "model": "seatime.vessel",
    "pk": 2,
    "fields": {
      "name": "Golden Bear",
      "official_number": "8834407"
    }
  },
  {
    "model": "seatime.workdaytype",
    "pk": 1,
    "fields": {
      "type": "8 Hour Workday (Straight Time)"
    }
  },
  {
    "model": "seatime.workdaytype",
    "pk": 2,
    "fields": {
      "type": "12 Hour Workday (Time and One Half)"
    }
  },
  {
    "model": "seatime.voyagetype",
    "pk": 1,
    "fields": {
      "type": "Inland Waterways"
    }
  },
  {
    "model": "seatime.voyagetype",
    "pk": 2,
    "fields": {
      "type": "Coastal"
    }
  },
  {
    "model": "seatime.voyagetype",
    "pk": 3,
    "fields": {
      "type": "Open Ocean"
    }
  },
  {
    "model": "seatime.voyagetype",
    "pk": 4,
    "fields": {
      "type": "Near Coastal"
    }
  },
  {
    "model": "seatime.voyagetype",
    "pk": 5,
    "fields": {
      "type": "Other/Unknown"
    }
  },
  {
    "model": "seatime.staffposition",
    "pk": 1,
    "fields": {
      "title": "Chief Engineer"
    }
  },
  {
    "model": "seatime.staffposition",
    "pk": 2,
    "fields": {
      "title": "First Engineer"
    }
  },
  {
    "model": "seatime.staffposition",
    "pk": 3,
    "fields": {
      "title": "Second Engineer"
    }
  },
  {
    "model": "seatime.staffposition",
    "pk": 4,
    "fields": {
      "title": "Third Engineer"
    }
  },
  {
    "model": "seatime.staffposition",
    "pk": 5,
    "fields": {
      "title": "QMED"
    }
  },
  {
    "model": "seatime.staffposition",
    "pk": 6,
    "fields": {
      "title": "Student or Apprentice"
    }
  },
  {
    "model": "seatime.staffposition",
    "pk": 7,
    "fields": {
      "title": "Master"
    }
  },
  {
    "model": "seatime.staffposition",
    "pk": 8,
    "fields": {
      "title": "Chief Mate"
    }
  },
  {
    "model": "seatime.staffposition",
    "pk": 9,
    "fields": {
      "title": "Second Mate"
    }
  },
  {
    "model": "seatime.staffposition",
    "pk": 10,
    "fields": {
      "title": "Third Mate"
    }
  },
  {
    "model": "seatime.staffposition",
    "pk": 11,
    "fields": {
      "title": "Able Seaman"
    }
  },
  {
    "model": "seatime.staffposition",
    "pk": 12,
    "fields": {
      "title": "Ordinary Seaman"
    }
  },
  {
    "model": "seatime.staffposition",
    "pk": 13,
    "fields": {
      "title": "Tankerman"
    }
  },
  {
    "model": "seatime.staffposition",
    "pk": 14,
    "fields": {
      "title": "DDE"
    }
  },
  {
    "model": "seatime.rating",
    "pk": 1,
    "fields": {
      "title": "Unlimited"
    }
  },
  {
    "model": "seatime.rating",
    "pk": 2,
    "fields": {
      "title": "Limited"
    }
  },
  {
    "model": "seatime.rating",
    "pk": 3,
    "fields": {
      "title": "OSV"
    }
  },
  {
    "model": "seatime.rating",
    "pk": 4,
    "fields": {
      "title": "MODU"
    }
  },
  {
    "model": "seatime.rating",
    "pk": 5,
    "fields": {
      "title": "UFIV"
    }
  },
  {
    "model": "seatime.rating",
    "pk": 6,
    "fields": {
      "title": "OSV Limited"
    }
  },
  {
    "model": "seatime.rating",
    "pk": 7,
    "fields": {
      "title": "OSV 4000"
    }
  },
  {
    "model": "seatime.rating",
    "pk": 8,
    "fields": {
      "title": "OSV 1000"
    }
  },
  {
    "model": "seatime.rating",
    "pk": 9,
    "fields": {
      "title": "UFIV Unlimited"
    }
  },
  {
    "model": "seatime.rating",
    "pk": 10,
    "fields": {
      "title": "UFIV Limited"
    }
  },
  {
    "model": "seatime.rating",
    "pk": 11,
    "fields": {
      "title": "4000 hp"
    }
  },
  {
    "model": "seatime.rating",
    "pk": 12,
    "fields": {
      "title": "1000 hp"
    }
  },
  {
    "model": "seatime.rating",
    "pk": 13,
    "fields": {
      "title": "Any Rating"
    }
  },
  {
    "model": "seatime.rating",
    "pk": 14,
    "fields": {
      "title": "Electrician/Refrigeration Engineer"
    }
  },
  {
    "model": "seatime.rating",
    "pk": 15,
    "fields": {
      "title": "Oiler"
    }
  },
  {
    "model": "seatime.rating",
    "pk": 16,
    "fields": {
      "title": "Fireman/Watertender"
    }
  },
  {
    "model": "seatime.rating",
    "pk": 17,
    "fields": {
      "title": "Junior Engineer"
    }
  },
  {
    "model": "seatime.rating",
    "pk": 18,
    "fields": {
      "title": "Pumpman/Machinist"
    }
  },
  {
    "model": "seatime.staffratingcombinations",
    "pk": 1,
    "fields": {
      "staff_position": [
        1
      ],
      "position_rating": [
        1
      ]
    }
  },
  {
    "model": "seatime.staffratingcombinations",
    "pk": 2,
    "fields": {
      "staff_position": [
        1
      ],
      "position_rating": [
        2
      ]
    }
  },
  {
    "model": "seatime.staffratingcombinations",
    "pk": 3,
    "fields": {
      "staff_position": [
        1
      ],
      "position_rating": [
        3
      ]
    }
  },
  {
    "model": "seatime.staffratingcombinations",
    "pk": 4,
    "fields": {
      "staff_position": [
        1
      ],
      "position_rating": [
        4
      ]
    }
  },
  {
    "model": "seatime.staffratingcombinations",
    "pk": 5,
    "fields": {
      "staff_position": [
        1
      ],
      "position_rating": [
        5
      ]
    }
  },
  {
    "model": "seatime.staffratingcombinations",
    "pk": 6,
    "fields": {
      "staff_position": [
        2
      ],
      "position_rating": [
        1
      ]
    }
  },
  {
    "model": "seatime.staffratingcombinations",
    "pk": 7,
    "fields": {
      "staff_position": [
        2
      ],
      "position_rating": [
        2
      ]
    }
  },
  {
    "model": "seatime.staffratingcombinations",
    "pk": 8,
    "fields": {
      "staff_position": [
        2
      ],
      "position_rating": [
        3
      ]
    }
  },
  {
    "model": "seatime.staffratingcombinations",
    "pk": 9,
    "fields": {
      "staff_position": [
        2
      ],
      "position_rating": [
        4
      ]
    }
  },
  {
    "model": "seatime.staffratingcombinations",
    "pk": 10,
    "fields": {
      "staff_position": [
        2
      ],
      "position_rating": [
        5
      ]
    }
  },
  {
    "model": "seatime.staffratingcombinations",
    "pk": 11,
    "fields": {
      "staff_position": [
        2
      ],
      "position_rating": [
        6
      ]
    }
  },
  {
    "model": "seatime.staffratingcombinations",
    "pk": 12,
    "fields": {
      "staff_position": [
        2
      ],
      "position_rating": [
        7
      ]
    }
  },
  {
    "model": "seatime.staffratingcombinations",
    "pk": 13,
    "fields": {
      "staff_position": [
        2
      ],
      "position_rating": [
        8
      ]
    }
  },
  {
    "model": "seatime.staffratingcombinations",
    "pk": 14,
    "fields": {
      "staff_position": [
        2
      ],
      "position_rating": [
        9
      ]
    }
  },
  {
    "model": "seatime.staffratingcombinations",
    "pk": 15,
    "fields": {
      "staff_position": [
        2
      ],
      "position_rating": [
        10
      ]
    }
  },
  {
    "model": "seatime.staffratingcombinations",
    "pk": 16,
    "fields": {
      "staff_position": [
        2
      ],
      "position_rating": [
        11
      ]
    }
  },
  {
    "model": "seatime.staffratingcombinations",
    "pk": 17,
    "fields": {
      "staff_position": [
        2
      ],
      "position_rating": [
        12
      ]
    }
  },
  {
    "model": "seatime.staffratingcombinations",
    "pk": 18,
    "fields": {
      "staff_position": [
        3
      ],
      "position_rating": [
        1
      ]
    }
  },
  {
    "model": "seatime.staffratingcombinations",
    "pk": 19,
    "fields": {
      "staff_position": [
        3
      ],
      "position_rating": [
        2
      ]
    }
  },
  {
    "model": "seatime.staffratingcombinations",
    "pk": 20,
    "fields": {
      "staff_position": [
        3
      ],
      "position_rating": [
        3
      ]
    }
  },
  {
    "model": "seatime.staffratingcombinations",
    "pk": 21,
    "fields": {
      "staff_position": [
        3
      ],
      "position_rating": [
        4
      ]
    }
  },
  {
    "model": "seatime.staffratingcombinations",
    "pk": 22,
    "fields": {
      "staff_position": [
        3
      ],
      "position_rating": [
        5
      ]
    }
  },
  {
    "model": "seatime.staffratingcombinations",
    "pk": 23,
    "fields": {
      "staff_position": [
        3
      ],
      "position_rating": [
        6
      ]
    }
  },
  {
    "model": "seatime.staffratingcombinations",
    "pk": 24,
    "fields": {
      "staff_position": [
        3
      ],
      "position_rating": [
        7
      ]
    }
  },
  {
    "model": "seatime.staffratingcombinations",
    "pk": 25,
    "fields": {
      "staff_position": [
        3
      ],
      "position_rating": [
        8
      ]
    }
  },
  {
    "model": "seatime.staffratingcombinations",
    "pk": 26,
    "fields": {
      "staff_position": [
        3
      ],
      "position_rating": [
        9
      ]
    }
  },
  {
    "model": "seatime.staffratingcombinations",
    "pk": 27,
    "fields": {
      "staff_position": [
        3
      ],
      "position_rating": [
        10
      ]
    }
  },
  {
    "model": "seatime.staffratingcombinations",
    "pk": 28,
    "fields": {
      "staff_position": [
        3
      ],
      "position_rating": [
        11
      ]
    }
  },
  {
    "model": "seatime.staffratingcombinations",
    "pk": 29,
    "fields": {
      "staff_position": [
        3
      ],
      "position_rating": [
        12
      ]
    }
  }
]